{
	"start":	{
		"connected":	[{
				"socket":	5,
				"local_host":	"10.0.0.1",
				"local_port":	42070,
				"remote_host":	"10.0.0.13",
				"remote_port":	5201
			}],
		"version":	"iperf 3.7",
		"system_info":	"Linux NetworkCommunicationLab 5.15.0-139-generic #149~20.04.1-Ubuntu SMP Wed Apr 16 08:29:56 UTC 2025 x86_64",
		"timestamp":	{
			"time":	"Wed, 03 Dec 2025 03:45:19 GMT",
			"timesecs":	1764733519
		},
		"connecting_to":	{
			"host":	"10.0.0.13",
			"port":	5201
		},
		"cookie":	"m2s3dwdga37ejftujvfevek75u7bmv2zwp4n",
		"sock_bufsize":	0,
		"sndbuf_actual":	212992,
		"rcvbuf_actual":	212992,
		"test_start":	{
			"protocol":	"UDP",
			"num_streams":	1,
			"blksize":	1448,
			"omit":	0,
			"duration":	30,
			"bytes":	0,
			"blocks":	0,
			"reverse":	0,
			"tos":	0
		}
	},
	"intervals":	[{
			"streams":	[{
					"socket":	5,
					"start":	0,
					"end":	1.000544,
					"seconds":	1.0005439519882202,
					"bytes":	2499248,
					"bits_per_second":	19983114.145329818,
					"packets":	1726,
					"omitted":	false,
					"sender":	true
				}],
			"sum":	{
				"start":	0,
				"end":	1.000544,
				"seconds":	1.0005439519882202,
				"bytes":	2499248,
				"bits_per_second":	19983114.145329818,
				"packets":	1726,
				"omitted":	false,
				"sender":	true
			}
		}, {
			"streams":	[{
					"socket":	5,
					"start":	1.000544,
					"end":	2.000522,
					"seconds":	0.99997800588607788,
					"bytes":	2496352,
					"bits_per_second":	19971255.250063136,
					"packets":	1724,
					"omitted":	false,
					"sender":	true
				}],
			"sum":	{
				"start":	1.000544,
				"end":	2.000522,
				"seconds":	0.99997800588607788,
				"bytes":	2496352,
				"bits_per_second":	19971255.250063136,
				"packets":	1724,
				"omitted":	false,
				"sender":	true
			}
		}, {
			"streams":	[{
					"socket":	5,
					"start":	2.000522,
					"end":	3.000937,
					"seconds":	1.0004149675369263,
					"bytes":	2492008,
					"bits_per_second":	19927794.612153422,
					"packets":	1721,
					"omitted":	false,
					"sender":	true
				}],
			"sum":	{
				"start":	2.000522,
				"end":	3.000937,
				"seconds":	1.0004149675369263,
				"bytes":	2492008,
				"bits_per_second":	19927794.612153422,
				"packets":	1721,
				"omitted":	false,
				"sender":	true
			}
		}, {
			"streams":	[{
					"socket":	5,
					"start":	3.000937,
					"end":	4.001225,
					"seconds":	1.0002880096435547,
					"bytes":	2507936,
					"bits_per_second":	20057711.185750868,
					"packets":	1732,
					"omitted":	false,
					"sender":	true
				}],
			"sum":	{
				"start":	3.000937,
				"end":	4.001225,
				"seconds":	1.0002880096435547,
				"bytes":	2507936,
				"bits_per_second":	20057711.185750868,
				"packets":	1732,
				"omitted":	false,
				"sender":	true
			}
		}, {
			"streams":	[{
					"socket":	5,
					"start":	4.001225,
					"end":	5.000271,
					"seconds":	0.99904602766036987,
					"bytes":	2316800,
					"bits_per_second":	18552098.188513946,
					"packets":	1600,
					"omitted":	false,
					"sender":	true
				}],
			"sum":	{
				"start":	4.001225,
				"end":	5.000271,
				"seconds":	0.99904602766036987,
				"bytes":	2316800,
				"bits_per_second":	18552098.188513946,
				"packets":	1600,
				"omitted":	false,
				"sender":	true
			}
		}, {
			"streams":	[{
					"socket":	5,
					"start":	5.000271,
					"end":	6.000039,
					"seconds":	0.99976801872253418,
					"bytes":	2474632,
					"bits_per_second":	19801649.611972917,
					"packets":	1709,
					"omitted":	false,
					"sender":	true
				}],
			"sum":	{
				"start":	5.000271,
				"end":	6.000039,
				"seconds":	0.99976801872253418,
				"bytes":	2474632,
				"bits_per_second":	19801649.611972917,
				"packets":	1709,
				"omitted":	false,
				"sender":	true
			}
		}, {
			"streams":	[{
					"socket":	5,
					"start":	6.000039,
					"end":	7.000093,
					"seconds":	1.0000540018081665,
					"bytes":	2651288,
					"bits_per_second":	21209158.667082287,
					"packets":	1831,
					"omitted":	false,
					"sender":	true
				}],
			"sum":	{
				"start":	6.000039,
				"end":	7.000093,
				"seconds":	1.0000540018081665,
				"bytes":	2651288,
				"bits_per_second":	21209158.667082287,
				"packets":	1831,
				"omitted":	false,
				"sender":	true
			}
		}, {
			"streams":	[{
					"socket":	5,
					"start":	7.000093,
					"end":	8.000251,
					"seconds":	1.0001579523086548,
					"bytes":	2561512,
					"bits_per_second":	20488859.737302788,
					"packets":	1769,
					"omitted":	false,
					"sender":	true
				}],
			"sum":	{
				"start":	7.000093,
				"end":	8.000251,
				"seconds":	1.0001579523086548,
				"bytes":	2561512,
				"bits_per_second":	20488859.737302788,
				"packets":	1769,
				"omitted":	false,
				"sender":	true
			}
		}, {
			"streams":	[{
					"socket":	5,
					"start":	8.000251,
					"end":	9.000066,
					"seconds":	0.99981498718261719,
					"bytes":	2499248,
					"bits_per_second":	19997683.827826116,
					"packets":	1726,
					"omitted":	false,
					"sender":	true
				}],
			"sum":	{
				"start":	8.000251,
				"end":	9.000066,
				"seconds":	0.99981498718261719,
				"bytes":	2499248,
				"bits_per_second":	19997683.827826116,
				"packets":	1726,
				"omitted":	false,
				"sender":	true
			}
		}, {
			"streams":	[{
					"socket":	5,
					"start":	9.000066,
					"end":	10.002964,
					"seconds":	1.0028979778289795,
					"bytes":	2490560,
					"bits_per_second":	19866906.146457151,
					"packets":	1720,
					"omitted":	false,
					"sender":	true
				}],
			"sum":	{
				"start":	9.000066,
				"end":	10.002964,
				"seconds":	1.0028979778289795,
				"bytes":	2490560,
				"bits_per_second":	19866906.146457151,
				"packets":	1720,
				"omitted":	false,
				"sender":	true
			}
		}, {
			"streams":	[{
					"socket":	5,
					"start":	10.002964,
					"end":	11.000109,
					"seconds":	0.99714499711990356,
					"bytes":	2377616,
					"bits_per_second":	19075388.288502634,
					"packets":	1642,
					"omitted":	false,
					"sender":	true
				}],
			"sum":	{
				"start":	10.002964,
				"end":	11.000109,
				"seconds":	0.99714499711990356,
				"bytes":	2377616,
				"bits_per_second":	19075388.288502634,
				"packets":	1642,
				"omitted":	false,
				"sender":	true
			}
		}, {
			"streams":	[{
					"socket":	5,
					"start":	11.000109,
					"end":	12.001453,
					"seconds":	1.0013439655303955,
					"bytes":	2499248,
					"bits_per_second":	19967148.84021847,
					"packets":	1726,
					"omitted":	false,
					"sender":	true
				}],
			"sum":	{
				"start":	11.000109,
				"end":	12.001453,
				"seconds":	1.0013439655303955,
				"bytes":	2499248,
				"bits_per_second":	19967148.84021847,
				"packets":	1726,
				"omitted":	false,
				"sender":	true
			}
		}, {
			"streams":	[{
					"socket":	5,
					"start":	12.001453,
					"end":	13.013624,
					"seconds":	1.0121710300445557,
					"bytes":	2609296,
					"bits_per_second":	20623360.460218973,
					"packets":	1802,
					"omitted":	false,
					"sender":	true
				}],
			"sum":	{
				"start":	12.001453,
				"end":	13.013624,
				"seconds":	1.0121710300445557,
				"bytes":	2609296,
				"bits_per_second":	20623360.460218973,
				"packets":	1802,
				"omitted":	false,
				"sender":	true
			}
		}, {
			"streams":	[{
					"socket":	5,
					"start":	13.013624,
					"end":	14.006515,
					"seconds":	0.99289101362228394,
					"bytes":	2515176,
					"bits_per_second":	20265474.985610653,
					"packets":	1737,
					"omitted":	false,
					"sender":	true
				}],
			"sum":	{
				"start":	13.013624,
				"end":	14.006515,
				"seconds":	0.99289101362228394,
				"bytes":	2515176,
				"bits_per_second":	20265474.985610653,
				"packets":	1737,
				"omitted":	false,