{
	"start":	{
		"connected":	[{
				"socket":	5,
				"local_host":	"10.0.0.1",
				"local_port":	51844,
				"remote_host":	"10.0.0.13",
				"remote_port":	5201
			}],
		"version":	"iperf 3.7",
		"system_info":	"Linux NetworkCommunicationLab 5.15.0-139-generic #149~20.04.1-Ubuntu SMP Wed Apr 16 08:29:56 UTC 2025 x86_64",
		"timestamp":	{
			"time":	"Wed, 19 Nov 2025 00:54:43 GMT",
			"timesecs":	1763513683
		},
		"connecting_to":	{
			"host":	"10.0.0.13",
			"port":	5201
		},
		"cookie":	"ty4fl5y26ec4nqkp4gi7vpgifgnbtsmjlzw5",
		"tcp_mss_default":	1448,
		"sock_bufsize":	0,
		"sndbuf_actual":	87380,
		"rcvbuf_actual":	87380,
		"test_start":	{
			"protocol":	"TCP",
			"num_streams":	1,
			"blksize":	131072,
			"omit":	0,
			"duration":	30,
			"bytes":	0,
			"blocks":	0,
			"reverse":	0,
			"tos":	0
		}
	},
	"intervals":	[{
			"streams":	[{
					"socket":	5,
					"start":	0,
					"end":	1.052071,
					"seconds":	1.05207097530365,
					"bytes":	79640,
					"bits_per_second":	605586.51930884575,
					"retransmits":	0,
					"snd_cwnd":	14480,
					"rtt":	120002,
					"rttvar":	61851,
					"pmtu":	1500,
					"omitted":	false,
					"sender":	true
				}],
			"sum":	{
				"start":	0,
				"end":	1.052071,
				"seconds":	1.05207097530365,
				"bytes":	79640,
				"bits_per_second":	605586.51930884575,
				"retransmits":	0,
				"omitted":	false,
				"sender":	true
			}
		}, {
			"streams":	[{
					"socket":	5,
					"start":	1.052071,
					"end":	2.000661,
					"seconds":	0.9485899806022644,
					"bytes":	752960,
					"bits_per_second":	6350140.8650506055,
					"retransmits":	5,
					"snd_cwnd":	14480,
					"rtt":	101880,
					"rttvar":	957,
					"pmtu":	1500,
					"omitted":	false,
					"sender":	true
				}],
			"sum":	{
				"start":	1.052071,
				"end":	2.000661,
				"seconds":	0.9485899806022644,
				"bytes":	752960,
				"bits_per_second":	6350140.8650506055,
				"retransmits":	5,
				"omitted":	false,
				"sender":	true
			}
		}, {
			"streams":	[{
					"socket":	5,
					"start":	2.000661,
					"end":	3.002094,
					"seconds":	1.00143301486969,
					"bytes":	262088,
					"bits_per_second":	2093703.6914773881,
					"retransmits":	3,
					"snd_cwnd":	7240,
					"rtt":	101744,
					"rttvar":	667,
					"pmtu":	1500,
					"omitted":	false,
					"sender":	true
				}],
			"sum":	{
				"start":	2.000661,
				"end":	3.002094,
				"seconds":	1.00143301486969,
				"bytes":	262088,
				"bits_per_second":	2093703.6914773881,
				"retransmits":	3,
				"omitted":	false,
				"sender":	true
			}
		}, {
			"streams":	[{
					"socket":	5,
					"start":	3.002094,
					"end":	4.002064,
					"seconds":	0.999970018863678,
					"bytes":	0,
					"bits_per_second":	0,
					"retransmits":	1,
					"snd_cwnd":	10136,
					"rtt":	102077,
					"rttvar":	1023,
					"pmtu":	1500,
					"omitted":	false,
					"sender":	true
				}],
			"sum":	{
				"start":	3.002094,
				"end":	4.002064,
				"seconds":	0.999970018863678,
				"bytes":	0,
				"bits_per_second":	0,
				"retransmits":	1,
				"omitted":	false,
				"sender":	true
			}
		}, {
			"streams":	[{
					"socket":	5,
					"start":	4.002064,
					"end":	5.000826,
					"seconds":	0.99876201152801514,
					"bytes":	260640,
					"bits_per_second":	2087704.5541709741,
					"retransmits":	0,
					"snd_cwnd":	23168,
					"rtt":	101773,
					"rttvar":	886,
					"pmtu":	1500,
					"omitted":	false,
					"sender":	true
				}],
			"sum":	{
				"start":	4.002064,
				"end":	5.000826,
				"seconds":	0.99876201152801514,
				"bytes":	260640,
				"bits_per_second":	2087704.5541709741,
				"retransmits":	0,
				"omitted":	false,
				"sender":	true
			}
		}, {
			"streams":	[{
					"socket":	5,
					"start":	5.000826,
					"end":	6.000264,
					"seconds":	0.99943798780441284,
					"bytes":	260640,
					"bits_per_second":	2086292.5218408369,
					"retransmits":	0,
					"snd_cwnd":	37648,
					"rtt":	103709,
					"rttvar":	567,
					"pmtu":	1500,
					"omitted":	false,
					"sender":	true
				}],
			"sum":	{
				"start":	5.000826,
				"end":	6.000264,
				"seconds":	0.99943798780441284,
				"bytes":	260640,
				"bits_per_second":	2086292.5218408369,
				"retransmits":	0,
				"omitted":	false,
				"sender":	true
			}
		}, {
			"streams":	[{
					"socket":	5,
					"start":	6.000264,
					"end":	7.000844,
					"seconds":	1.0005799531936646,
					"bytes":	260640,
					"bits_per_second":	2083911.4289114887,
					"retransmits":	4,
					"snd_cwnd":	14480,
					"rtt":	103401,
					"rttvar":	3383,
					"pmtu":	1500,
					"omitted":	false,
					"sender":	true
				}],
			"sum":	{
				"start":	6.000264,
				"end":	7.000844,
				"seconds":	1.0005799531936646,
				"bytes":	260640,
				"bits_per_second":	2083911.4289114887,
				"retransmits":	4,
				"omitted":	false,
				"sender":	true
			}
		}, {
			"streams":	[{
					"socket":	5,
					"start":	7.000844,
					"end":	8.002221,
					"seconds":	1.0013769865036011,
					"bytes":	0,
					"bits_per_second":	0,
					"retransmits":	0,
					"snd_cwnd":	27512,
					"rtt":	102873,
					"rttvar":	993,
					"pmtu":	1500,
					"omitted":	false,
					"sender":	true
				}],
			"sum":	{
				"start":	7.000844,
				"end":	8.002221,
				"seconds":	1.0013769865036011,
				"bytes":	0,
				"bits_per_second":	0,
				"retransmits":	0,
				"omitted":	false,
				"sender":	true
			}
		}, {
			"streams":	[{
					"socket":	5,
					"start":	8.002221,
					"end":	9.000225,
					"seconds":	0.99800401926040649,
					"bytes":	521280,
					"bits_per_second":	4178580.3659292385,
					"retransmits":	0,
					"snd_cwnd":	41992,
					"rtt":	102700,
					"rttvar":	916,
					"pmtu":	1500,
					"omitted":	false,
					"sender":	true
				}],
			"sum":	{
				"start":	8.002221,
				"end":	9.000225,
				"seconds":	0.99800401926040649,
				"bytes":	521280,
				"bits_per_second":	4178580.3659292385,
				"retransmits":	0,
				"omitted":	false,
				"sender":	true
			}
		}, {
			"streams":	[{
					"socket":	5,
					"start":	9.000225,
					"end":	10.001293,
					"seconds":	1.0010679960250854,
					"bytes":	0,
					"bits_per_second":	0,
					"retransmits":	3,
					"snd_cwnd":	17376,
					"rtt":	114033,
					"rttvar":	17551,
					"pmtu":	1500,
					"omitted":	false,
					"sender":	true
				}],
			"sum":	{
				"start":	9.000225,
				"end":	10.001293,
				"seconds":	1.0010679960250854,
				"bytes":	0,
				"bits_per_second":	0,
				"retransmits":	3,
				"omitted":	false,
				"sender":	true
			}
		}, {
			"streams":	[{
					"socket":	5,
					"start":	10.001293,
					"end":	11.001857,
					"seconds":	1.0005639791488647,
					"bytes":	260640,
					"bits_per_second":	2083944.6986425784,
					"retransmits":	0,
					"snd_cwnd":	30408,
					"rtt":	102512,
					"rttvar":	1006,
					"pmtu":	1500,
					"omitted":	false,
					"sender":	true
				}],
			"sum":	{
				"start":	10.001293,
				"end":	11.001857,
				"seconds":	1.0005639791488647,
				"bytes":	260640,
				"bits_per_second":	2083944.6986425784,
				"retransmits":	0,
				"omitted":	false,
				"sender":	true
			}
		}, {
			"streams":	[{
					"socket":	5,
					"start":	11.001857,
					"end":	12.00132,
					"seconds":	0.99946302175521851,
					"bytes":	260640,
					"bits_per_second":	2086240.2656360336,
					"retransmits":	2,
					"snd_cwnd":	24616,
					"rtt":	103560,
					"rttvar":	2778,
					"pmtu":	1500,
					"omitted":	false,
					"sender":	true
				}],
			"sum":	{
				"start":	11.001857,
				"end":	12.00132,
				"seconds":	0.99946302175521851,
				"bytes":	260640,
				"bits_per_second":	2086240.2656360336,
				"retransmits":	2,
				"omitted":	false,
				"sender":	true
			}
		}, {
			"streams":	[{
					"socket":	5,
					"start":	12.00132,
					"end":	13.000813,