{
	"start":	{
		"connected":	[{
				"socket":	5,
				"local_host":	"10.0.0.1",
				"local_port":	44675,
				"remote_host":	"10.0.0.13",
				"remote_port":	5201
			}],
		"version":	"iperf 3.7",
		"system_info":	"Linux NetworkCommunicationLab 5.15.0-139-generic #149~20.04.1-Ubuntu SMP Wed Apr 16 08:29:56 UTC 2025 x86_64",
		"timestamp":	{
			"time":	"Wed, 19 Nov 2025 00:56:42 GMT",
			"timesecs":	1763513802
		},
		"connecting_to":	{
			"host":	"10.0.0.13",
			"port":	5201
		},
		"cookie":	"yfqcphublkgqsee3s5yl4q35cm2zvk75vs2n",
		"sock_bufsize":	0,
		"sndbuf_actual":	212992,
		"rcvbuf_actual":	212992,
		"test_start":	{
			"protocol":	"UDP",
			"num_streams":	1,
			"blksize":	1448,
			"omit":	0,
			"duration":	30,
			"bytes":	0,
			"blocks":	0,
			"reverse":	0,
			"tos":	0
		}
	},
	"intervals":	[{
			"streams":	[{
					"socket":	5,
					"start":	0,
					"end":	1.000059,
					"seconds":	1.0000590085983276,
					"bytes":	2499248,
					"bits_per_second":	19992804.252644412,
					"packets":	1726,
					"omitted":	false,
					"sender":	true
				}],
			"sum":	{
				"start":	0,
				"end":	1.000059,
				"seconds":	1.0000590085983276,
				"bytes":	2499248,
				"bits_per_second":	19992804.252644412,
				"packets":	1726,
				"omitted":	false,
				"sender":	true
			}
		}, {
			"streams":	[{
					"socket":	5,
					"start":	1.000059,
					"end":	2.000176,
					"seconds":	1.0001169443130493,
					"bytes":	2496352,
					"bits_per_second":	19968480.799730238,
					"packets":	1724,
					"omitted":	false,
					"sender":	true
				}],
			"sum":	{
				"start":	1.000059,
				"end":	2.000176,
				"seconds":	1.0001169443130493,
				"bytes":	2496352,
				"bits_per_second":	19968480.799730238,
				"packets":	1724,
				"omitted":	false,
				"sender":	true
			}
		}, {
			"streams":	[{
					"socket":	5,
					"start":	2.000176,
					"end":	3.001261,
					"seconds":	1.0010850429534912,
					"bytes":	2503592,
					"bits_per_second":	20007027.515773706,
					"packets":	1729,
					"omitted":	false,
					"sender":	true
				}],
			"sum":	{
				"start":	2.000176,
				"end":	3.001261,
				"seconds":	1.0010850429534912,
				"bytes":	2503592,
				"bits_per_second":	20007027.515773706,
				"packets":	1729,
				"omitted":	false,
				"sender":	true
			}
		}, {
			"streams":	[{
					"socket":	5,
					"start":	3.001261,
					"end":	4.000436,
					"seconds":	0.99917501211166382,
					"bytes":	2500696,
					"bits_per_second":	20022085.978431433,
					"packets":	1727,
					"omitted":	false,
					"sender":	true
				}],
			"sum":	{
				"start":	3.001261,
				"end":	4.000436,
				"seconds":	0.99917501211166382,
				"bytes":	2500696,
				"bits_per_second":	20022085.978431433,
				"packets":	1727,
				"omitted":	false,
				"sender":	true
			}
		}, {
			"streams":	[{
					"socket":	5,
					"start":	4.000436,
					"end":	5.000401,
					"seconds":	0.99996501207351685,
					"bytes":	2499248,
					"bits_per_second":	19994683.572518889,
					"packets":	1726,
					"omitted":	false,
					"sender":	true
				}],
			"sum":	{
				"start":	4.000436,
				"end":	5.000401,
				"seconds":	0.99996501207351685,
				"bytes":	2499248,
				"bits_per_second":	19994683.572518889,
				"packets":	1726,
				"omitted":	false,
				"sender":	true
			}
		}, {
			"streams":	[{
					"socket":	5,
					"start":	5.000401,
					"end":	6.001331,
					"seconds":	1.0009299516677856,
					"bytes":	2499248,
					"bits_per_second":	19975407.836168058,
					"packets":	1726,
					"omitted":	false,
					"sender":	true
				}],
			"sum":	{
				"start":	5.000401,
				"end":	6.001331,
				"seconds":	1.0009299516677856,
				"bytes":	2499248,
				"bits_per_second":	19975407.836168058,
				"packets":	1726,
				"omitted":	false,
				"sender":	true
			}
		}, {
			"streams":	[{
					"socket":	5,
					"start":	6.001331,
					"end":	7.001545,
					"seconds":	1.0002139806747437,
					"bytes":	2500696,
					"bits_per_second":	20001288.110874292,
					"packets":	1727,
					"omitted":	false,
					"sender":	true
				}],
			"sum":	{
				"start":	6.001331,
				"end":	7.001545,
				"seconds":	1.0002139806747437,
				"bytes":	2500696,
				"bits_per_second":	20001288.110874292,
				"packets":	1727,
				"omitted":	false,
				"sender":	true
			}
		}, {
			"streams":	[{
					"socket":	5,
					"start":	7.001545,
					"end":	8.001023,
					"seconds":	0.99947798252105713,
					"bytes":	2500696,
					"bits_per_second":	20016016.710581735,
					"packets":	1727,
					"omitted":	false,
					"sender":	true
				}],
			"sum":	{
				"start":	7.001545,
				"end":	8.001023,
				"seconds":	0.99947798252105713,
				"bytes":	2500696,
				"bits_per_second":	20016016.710581735,
				"packets":	1727,
				"omitted":	false,
				"sender":	true
			}
		}, {
			"streams":	[{
					"socket":	5,
					"start":	8.001023,
					"end":	9.00014,
					"seconds":	0.99911701679229736,
					"bytes":	2500696,
					"bits_per_second":	20023248.191917125,
					"packets":	1727,
					"omitted":	false,
					"sender":	true
				}],
			"sum":	{
				"start":	8.001023,
				"end":	9.00014,
				"seconds":	0.99911701679229736,
				"bytes":	2500696,
				"bits_per_second":	20023248.191917125,
				"packets":	1727,
				"omitted":	false,
				"sender":	true
			}
		}, {
			"streams":	[{
					"socket":	5,
					"start":	9.00014,
					"end":	10.000029,
					"seconds":	0.99988901615142822,
					"bytes":	2500696,
					"bits_per_second":	20007788.541373733,
					"packets":	1727,
					"omitted":	false,
					"sender":	true
				}],
			"sum":	{
				"start":	9.00014,
				"end":	10.000029,
				"seconds":	0.99988901615142822,
				"bytes":	2500696,
				"bits_per_second":	20007788.541373733,
				"packets":	1727,
				"omitted":	false,
				"sender":	true
			}
		}, {
			"streams":	[{
					"socket":	5,
					"start":	10.000029,
					"end":	11.000175,
					"seconds":	1.0001460313796997,
					"bytes":	2497800,
					"bits_per_second":	19979482.368624024,
					"packets":	1725,
					"omitted":	false,
					"sender":	true
				}],
			"sum":	{
				"start":	10.000029,
				"end":	11.000175,
				"seconds":	1.0001460313796997,
				"bytes":	2497800,
				"bits_per_second":	19979482.368624024,
				"packets":	1725,
				"omitted":	false,
				"sender":	true
			}
		}, {
			"streams":	[{
					"socket":	5,
					"start":	11.000175,
					"end":	12.00018,
					"seconds":	1.0000050067901611,
					"bytes":	2496352,
					"bits_per_second":	19970716.010815565,
					"packets":	1724,
					"omitted":	false,
					"sender":	true
				}],
			"sum":	{
				"start":	11.000175,
				"end":	12.00018,
				"seconds":	1.0000050067901611,
				"bytes":	2496352,
				"bits_per_second":	19970716.010815565,
				"packets":	1724,
				"omitted":	false,
				"sender":	true
			}
		}, {
			"streams":	[{
					"socket":	5,
					"start":	12.00018,
					"end":	13.000144,
					"seconds":	0.99996399879455566,
					"bytes":	2505040,
					"bits_per_second":	20041041.50165242,
					"packets":	1730,
					"omitted":	false,
					"sender":	true
				}],
			"sum":	{
				"start":	12.00018,
				"end":	13.000144,
				"seconds":	0.99996399879455566,
				"bytes":	2505040,
				"bits_per_second":	20041041.50165242,
				"packets":	1730,
				"omitted":	false,
				"sender":	true
			}
		}, {
			"streams":	[{
					"socket":	5,
					"start":	13.000144,
					"end":	14.000535,
					"seconds":	1.0003910064697266,
					"bytes":	2499248,
					"bits_per_second":	19986169.278507054,
					"packets":	1726,
					"omitted":	false,
					"sender":	true
				}],
			"sum":	{
				"start":	13.000144,
				"end":	14.000535,
				"seconds":	1.0003910064697266,
				"bytes":	2499248,
				"bits_per_second":	19986169.278507054,
				"packets":	1726,
				"omitted":	false,