{
	"start":	{
		"connected":	[{
				"socket":	5,
				"local_host":	"10.0.0.1",
				"local_port":	55586,
				"remote_host":	"10.0.0.13",
				"remote_port":	5201
			}],
		"version":	"iperf 3.7",
		"system_info":	"Linux NetworkCommunicationLab 5.15.0-139-generic #149~20.04.1-Ubuntu SMP Wed Apr 16 08:29:56 UTC 2025 x86_64",
		"timestamp":	{
			"time":	"Wed, 03 Dec 2025 03:44:10 GMT",
			"timesecs":	1764733450
		},
		"connecting_to":	{
			"host":	"10.0.0.13",
			"port":	5201
		},
		"cookie":	"ec6hf4xk7i3gaflbbuwpchov7vqfg7dpjpcz",
		"tcp_mss_default":	1448,
		"sock_bufsize":	0,
		"sndbuf_actual":	87380,
		"rcvbuf_actual":	87380,
		"test_start":	{
			"protocol":	"TCP",
			"num_streams":	1,
			"blksize":	131072,
			"omit":	0,
			"duration":	30,
			"bytes":	0,
			"blocks":	0,
			"reverse":	0,
			"tos":	0
		}
	},
	"intervals":	[{
			"streams":	[{
					"socket":	5,
					"start":	0,
					"end":	1.001288,
					"seconds":	1.0012880563735962,
					"bytes":	796400,
					"bits_per_second":	6363004.09202405,
					"retransmits":	2,
					"snd_cwnd":	72400,
					"rtt":	103033,
					"rttvar":	2143,
					"pmtu":	1500,
					"omitted":	false,
					"sender":	true
				}],
			"sum":	{
				"start":	0,
				"end":	1.001288,
				"seconds":	1.0012880563735962,
				"bytes":	796400,
				"bits_per_second":	6363004.09202405,
				"retransmits":	2,
				"omitted":	false,
				"sender":	true
			}
		}, {
			"streams":	[{
					"socket":	5,
					"start":	1.001288,
					"end":	2.003691,
					"seconds":	1.0024030208587646,
					"bytes":	260640,
					"bits_per_second":	2080121.4248273766,
					"retransmits":	4,
					"snd_cwnd":	40544,
					"rtt":	185163,
					"rttvar":	20472,
					"pmtu":	1500,
					"omitted":	false,
					"sender":	true
				}],
			"sum":	{
				"start":	1.001288,
				"end":	2.003691,
				"seconds":	1.0024030208587646,
				"bytes":	260640,
				"bits_per_second":	2080121.4248273766,
				"retransmits":	4,
				"omitted":	false,
				"sender":	true
			}
		}, {
			"streams":	[{
					"socket":	5,
					"start":	2.003691,
					"end":	3.006275,
					"seconds":	1.0025839805603027,
					"bytes":	521280,
					"bits_per_second":	4159491.95365103,
					"retransmits":	0,
					"snd_cwnd":	47784,
					"rtt":	161775,
					"rttvar":	14453,
					"pmtu":	1500,
					"omitted":	false,
					"sender":	true
				}],
			"sum":	{
				"start":	2.003691,
				"end":	3.006275,
				"seconds":	1.0025839805603027,
				"bytes":	521280,
				"bits_per_second":	4159491.95365103,
				"retransmits":	0,
				"omitted":	false,
				"sender":	true
			}
		}, {
			"streams":	[{
					"socket":	5,
					"start":	3.006275,
					"end":	4.005491,
					"seconds":	0.99921602010726929,
					"bytes":	195480,
					"bits_per_second":	1565066.9810439153,
					"retransmits":	0,
					"snd_cwnd":	47784,
					"rtt":	216108,
					"rttvar":	67464,
					"pmtu":	1500,
					"omitted":	false,
					"sender":	true
				}],
			"sum":	{
				"start":	3.006275,
				"end":	4.005491,
				"seconds":	0.99921602010726929,
				"bytes":	195480,
				"bits_per_second":	1565066.9810439153,
				"retransmits":	0,
				"omitted":	false,
				"sender":	true
			}
		}, {
			"streams":	[{
					"socket":	5,
					"start":	4.005491,
					"end":	5.001467,
					"seconds":	0.99597597122192383,
					"bytes":	260640,
					"bits_per_second":	2093544.4832487756,
					"retransmits":	4,
					"snd_cwnd":	40544,
					"rtt":	173275,
					"rttvar":	29515,
					"pmtu":	1500,
					"omitted":	false,
					"sender":	true
				}],
			"sum":	{
				"start":	4.005491,
				"end":	5.001467,
				"seconds":	0.99597597122192383,
				"bytes":	260640,
				"bits_per_second":	2093544.4832487756,
				"retransmits":	4,
				"omitted":	false,
				"sender":	true
			}
		}, {
			"streams":	[{
					"socket":	5,
					"start":	5.001467,
					"end":	6.119965,
					"seconds":	1.1184979677200317,
					"bytes":	195480,
					"bits_per_second":	1398160.7880680929,
					"retransmits":	2,
					"snd_cwnd":	34752,
					"rtt":	155834,
					"rttvar":	38122,
					"pmtu":	1500,
					"omitted":	false,
					"sender":	true
				}],
			"sum":	{
				"start":	5.001467,
				"end":	6.119965,
				"seconds":	1.1184979677200317,
				"bytes":	195480,
				"bits_per_second":	1398160.7880680929,
				"retransmits":	2,
				"omitted":	false,
				"sender":	true
			}
		}, {
			"streams":	[{
					"socket":	5,
					"start":	6.119965,
					"end":	7.003419,
					"seconds":	0.88345402479171753,
					"bytes":	0,
					"bits_per_second":	0,
					"retransmits":	4,
					"snd_cwnd":	26064,
					"rtt":	179254,
					"rttvar":	78549,
					"pmtu":	1500,
					"omitted":	false,
					"sender":	true
				}],
			"sum":	{
				"start":	6.119965,
				"end":	7.003419,
				"seconds":	0.88345402479171753,
				"bytes":	0,
				"bits_per_second":	0,
				"retransmits":	4,
				"omitted":	false,
				"sender":	true
			}
		}, {
			"streams":	[{
					"socket":	5,
					"start":	7.003419,
					"end":	8.02926,
					"seconds":	1.0258409976959229,
					"bytes":	260640,
					"bits_per_second":	2032595.6992197204,
					"retransmits":	2,
					"snd_cwnd":	24616,
					"rtt":	126457,
					"rttvar":	10712,
					"pmtu":	1500,
					"omitted":	false,
					"sender":	true
				}],
			"sum":	{
				"start":	7.003419,
				"end":	8.02926,
				"seconds":	1.0258409976959229,
				"bytes":	260640,
				"bits_per_second":	2032595.6992197204,
				"retransmits":	2,
				"omitted":	false,
				"sender":	true
			}
		}, {
			"streams":	[{
					"socket":	5,
					"start":	8.02926,
					"end":	9.001584,
					"seconds":	0.972324013710022,
					"bytes":	195480,
					"bits_per_second":	1608352.7486202628,
					"retransmits":	0,
					"snd_cwnd":	30408,
					"rtt":	109886,
					"rttvar":	6502,
					"pmtu":	1500,
					"omitted":	false,
					"sender":	true
				}],
			"sum":	{
				"start":	8.02926,
				"end":	9.001584,
				"seconds":	0.972324013710022,
				"bytes":	195480,
				"bits_per_second":	1608352.7486202628,
				"retransmits":	0,
				"omitted":	false,
				"sender":	true
			}
		}, {
			"streams":	[{
					"socket":	5,
					"start":	9.001584,
					"end":	10.024545,
					"seconds":	1.0229610204696655,
					"bytes":	260640,
					"bits_per_second":	2038318.135565588,
					"retransmits":	0,
					"snd_cwnd":	36200,
					"rtt":	129974,
					"rttvar":	11180,
					"pmtu":	1500,
					"omitted":	false,
					"sender":	true
				}],
			"sum":	{
				"start":	9.001584,
				"end":	10.024545,
				"seconds":	1.0229610204696655,
				"bytes":	260640,
				"bits_per_second":	2038318.135565588,
				"retransmits":	0,
				"omitted":	false,
				"sender":	true
			}
		}, {
			"streams":	[{
					"socket":	5,
					"start":	10.024545,
					"end":	11.011622,
					"seconds":	0.987076997756958,
					"bytes":	260640,
					"bits_per_second":	2112418.7927975669,
					"retransmits":	0,
					"snd_cwnd":	41992,
					"rtt":	130166,
					"rttvar":	17677,
					"pmtu":	1500,
					"omitted":	false,
					"sender":	true
				}],
			"sum":	{
				"start":	10.024545,
				"end":	11.011622,
				"seconds":	0.987076997756958,
				"bytes":	260640,
				"bits_per_second":	2112418.7927975669,
				"retransmits":	0,
				"omitted":	false,
				"sender":	true
			}
		}, {
			"streams":	[{
					"socket":	5,
					"start":	11.011622,
					"end":	12.01821,
					"seconds":	1.0065879821777344,
					"bytes":	260640,
					"bits_per_second":	2071473.1716634266,
					"retransmits":	2,
					"snd_cwnd":	30408,
					"rtt":	146595,
					"rttvar":	14158,
					"pmtu":	1500,
					"omitted":	false,
					"sender":	true
				}],
			"sum":	{
				"start":	11.011622,
				"end":	12.01821,
				"seconds":	1.0065879821777344,
				"bytes":	260640,
				"bits_per_second":	2071473.1716634266,
				"retransmits":	2,
				"omitted":	false,