{
	"start":	{
		"connected":	[{
				"socket":	5,
				"local_host":	"10.0.0.1",
				"local_port":	51866,
				"remote_host":	"10.0.0.13",
				"remote_port":	5201
			}],
		"version":	"iperf 3.7",
		"system_info":	"Linux NetworkCommunicationLab 5.15.0-139-generic #149~20.04.1-Ubuntu SMP Wed Apr 16 08:29:56 UTC 2025 x86_64",
		"timestamp":	{
			"time":	"Wed, 19 Nov 2025 00:55:41 GMT",
			"timesecs":	1763513741
		},
		"connecting_to":	{
			"host":	"10.0.0.13",
			"port":	5201
		},
		"cookie":	"zja3iyrdq4vz25w63lwccsrgj3utspv3cml5",
		"tcp_mss_default":	1448,
		"sock_bufsize":	0,
		"sndbuf_actual":	87380,
		"rcvbuf_actual":	87380,
		"test_start":	{
			"protocol":	"TCP",
			"num_streams":	1,
			"blksize":	131072,
			"omit":	0,
			"duration":	30,
			"bytes":	0,
			"blocks":	0,
			"reverse":	0,
			"tos":	0
		}
	},
	"intervals":	[{
			"streams":	[{
					"socket":	5,
					"start":	0,
					"end":	1.028503,
					"seconds":	1.0285029411315918,
					"bytes":	1847648,
					"bits_per_second":	14371552.485535208,
					"retransmits":	6,
					"snd_cwnd":	140456,
					"rtt":	135754,
					"rttvar":	5800,
					"pmtu":	1500,
					"omitted":	false,
					"sender":	true
				}],
			"sum":	{
				"start":	0,
				"end":	1.028503,
				"seconds":	1.0285029411315918,
				"bytes":	1847648,
				"bits_per_second":	14371552.485535208,
				"retransmits":	6,
				"omitted":	false,
				"sender":	true
			}
		}, {
			"streams":	[{
					"socket":	5,
					"start":	1.028503,
					"end":	2.001975,
					"seconds":	0.973471999168396,
					"bytes":	912240,
					"bits_per_second":	7496794.9835581966,
					"retransmits":	6,
					"snd_cwnd":	83984,
					"rtt":	102933,
					"rttvar":	862,
					"pmtu":	1500,
					"omitted":	false,
					"sender":	true
				}],
			"sum":	{
				"start":	1.028503,
				"end":	2.001975,
				"seconds":	0.973471999168396,
				"bytes":	912240,
				"bits_per_second":	7496794.9835581966,
				"retransmits":	6,
				"omitted":	false,
				"sender":	true
			}
		}, {
			"streams":	[{
					"socket":	5,
					"start":	2.001975,
					"end":	3.001222,
					"seconds":	0.99924701452255249,
					"bytes":	521280,
					"bits_per_second":	4173382.4964116318,
					"retransmits":	5,
					"snd_cwnd":	46336,
					"rtt":	103771,
					"rttvar":	1409,
					"pmtu":	1500,
					"omitted":	false,
					"sender":	true
				}],
			"sum":	{
				"start":	2.001975,
				"end":	3.001222,
				"seconds":	0.99924701452255249,
				"bytes":	521280,
				"bits_per_second":	4173382.4964116318,
				"retransmits":	5,
				"omitted":	false,
				"sender":	true
			}
		}, {
			"streams":	[{
					"socket":	5,
					"start":	3.001222,
					"end":	4.0009,
					"seconds":	0.99967801570892334,
					"bytes":	521280,
					"bits_per_second":	4171583.1842542496,
					"retransmits":	2,
					"snd_cwnd":	39096,
					"rtt":	102546,
					"rttvar":	1074,
					"pmtu":	1500,
					"omitted":	false,
					"sender":	true
				}],
			"sum":	{
				"start":	3.001222,
				"end":	4.0009,
				"seconds":	0.99967801570892334,
				"bytes":	521280,
				"bits_per_second":	4171583.1842542496,
				"retransmits":	2,
				"omitted":	false,
				"sender":	true
			}
		}, {
			"streams":	[{
					"socket":	5,
					"start":	4.0009,
					"end":	5.000679,
					"seconds":	0.99977898597717285,
					"bytes":	456120,
					"bits_per_second":	3649766.6496096104,
					"retransmits":	0,
					"snd_cwnd":	44888,
					"rtt":	102145,
					"rttvar":	980,
					"pmtu":	1500,
					"omitted":	false,
					"sender":	true
				}],
			"sum":	{
				"start":	4.0009,
				"end":	5.000679,
				"seconds":	0.99977898597717285,
				"bytes":	456120,
				"bits_per_second":	3649766.6496096104,
				"retransmits":	0,
				"omitted":	false,
				"sender":	true
			}
		}, {
			"streams":	[{
					"socket":	5,
					"start":	5.000679,
					"end":	6.001012,
					"seconds":	1.0003329515457153,
					"bytes":	456120,
					"bits_per_second":	3647745.4775048885,
					"retransmits":	0,
					"snd_cwnd":	52128,
					"rtt":	102222,
					"rttvar":	635,
					"pmtu":	1500,
					"omitted":	false,
					"sender":	true
				}],
			"sum":	{
				"start":	5.000679,
				"end":	6.001012,
				"seconds":	1.0003329515457153,
				"bytes":	456120,
				"bits_per_second":	3647745.4775048885,
				"retransmits":	0,
				"omitted":	false,
				"sender":	true
			}
		}, {
			"streams":	[{
					"socket":	5,
					"start":	6.001012,
					"end":	7.000375,
					"seconds":	0.9993630051612854,
					"bytes":	456120,
					"bits_per_second":	3651285.8502412755,
					"retransmits":	2,
					"snd_cwnd":	47784,
					"rtt":	102800,
					"rttvar":	2787,
					"pmtu":	1500,
					"omitted":	false,
					"sender":	true
				}],
			"sum":	{
				"start":	6.001012,
				"end":	7.000375,
				"seconds":	0.9993630051612854,
				"bytes":	456120,
				"bits_per_second":	3651285.8502412755,
				"retransmits":	2,
				"omitted":	false,
				"sender":	true
			}
		}, {
			"streams":	[{
					"socket":	5,
					"start":	7.000375,
					"end":	8.000802,
					"seconds":	1.0004270076751709,
					"bytes":	456120,
					"bits_per_second":	3647402.531124772,
					"retransmits":	0,
					"snd_cwnd":	53576,
					"rtt":	101569,
					"rttvar":	560,
					"pmtu":	1500,
					"omitted":	false,
					"sender":	true
				}],
			"sum":	{
				"start":	7.000375,
				"end":	8.000802,
				"seconds":	1.0004270076751709,
				"bytes":	456120,
				"bits_per_second":	3647402.531124772,
				"retransmits":	0,
				"omitted":	false,
				"sender":	true
			}
		}, {
			"streams":	[{
					"socket":	5,
					"start":	8.000802,
					"end":	9.000241,
					"seconds":	0.999439001083374,
					"bytes":	456120,
					"bits_per_second":	3651008.211651329,
					"retransmits":	6,
					"snd_cwnd":	27512,
					"rtt":	105983,
					"rttvar":	6377,
					"pmtu":	1500,
					"omitted":	false,
					"sender":	true
				}],
			"sum":	{
				"start":	8.000802,
				"end":	9.000241,
				"seconds":	0.999439001083374,
				"bytes":	456120,
				"bits_per_second":	3651008.211651329,
				"retransmits":	6,
				"omitted":	false,
				"sender":	true
			}
		}, {
			"streams":	[{
					"socket":	5,
					"start":	9.000241,
					"end":	10.000568,
					"seconds":	1.0003269910812378,
					"bytes":	0,
					"bits_per_second":	0,
					"retransmits":	2,
					"snd_cwnd":	23168,
					"rtt":	101951,
					"rttvar":	741,
					"pmtu":	1500,
					"omitted":	false,
					"sender":	true
				}],
			"sum":	{
				"start":	9.000241,
				"end":	10.000568,
				"seconds":	1.0003269910812378,
				"bytes":	0,
				"bits_per_second":	0,
				"retransmits":	2,
				"omitted":	false,
				"sender":	true
			}
		}, {
			"streams":	[{
					"socket":	5,
					"start":	10.000568,
					"end":	11.000739,
					"seconds":	1.0001709461212158,
					"bytes":	456120,
					"bits_per_second":	3648336.3310553152,
					"retransmits":	2,
					"snd_cwnd":	23168,
					"rtt":	104554,
					"rttvar":	5342,
					"pmtu":	1500,
					"omitted":	false,
					"sender":	true
				}],
			"sum":	{
				"start":	10.000568,
				"end":	11.000739,
				"seconds":	1.0001709461212158,
				"bytes":	456120,
				"bits_per_second":	3648336.3310553152,
				"retransmits":	2,
				"omitted":	false,
				"sender":	true
			}
		}, {
			"streams":	[{
					"socket":	5,
					"start":	11.000739,
					"end":	12.000669,
					"seconds":	0.99993002414703369,
					"bytes":	0,
					"bits_per_second":	0,
					"retransmits":	2,
					"snd_cwnd":	17376,
					"rtt":	103512,
					"rttvar":	1797,
					"pmtu":	1500,
					"omitted":	false,
					"sender":	true
				}],
			"sum":	{
				"start":	11.000739,
				"end":	12.000669,
				"seconds":	0.99993002414703369,
				"bytes":	0,
				"bits_per_second":	0,
				"retransmits":	2,
				"omitted":	false,
				"sender":	true
			}
		}, {
			"streams":	[{
					"socket":	5,
					"start":	12.000669,