{
	"start":	{
		"connected":	[{
				"socket":	5,
				"local_host":	"10.0.0.1",
				"local_port":	50458,
				"remote_host":	"10.0.0.13",
				"remote_port":	5201
			}],
		"version":	"iperf 3.7",
		"system_info":	"Linux NetworkCommunicationLab 5.15.0-139-generic #149~20.04.1-Ubuntu SMP Wed Apr 16 08:29:56 UTC 2025 x86_64",
		"timestamp":	{
			"time":	"Sat, 29 Nov 2025 17:46:00 GMT",
			"timesecs":	1764438360
		},
		"connecting_to":	{
			"host":	"10.0.0.13",
			"port":	5201
		},
		"cookie":	"4ysabglpbqynwjn25mdncm6pcvebdvblg6j4",
		"tcp_mss_default":	1448,
		"sock_bufsize":	0,
		"sndbuf_actual":	87380,
		"rcvbuf_actual":	87380,
		"test_start":	{
			"protocol":	"TCP",
			"num_streams":	1,
			"blksize":	131072,
			"omit":	0,
			"duration":	5,
			"bytes":	0,
			"blocks":	0,
			"reverse":	0,
			"tos":	0
		}
	},
	"intervals":	[{
			"streams":	[{
					"socket":	5,
					"start":	0,
					"end":	1.001616,
					"seconds":	1.0016160011291504,
					"bytes":	1307544,
					"bits_per_second":	10443475.332071118,
					"retransmits":	6,
					"snd_cwnd":	117288,
					"rtt":	126879,
					"rttvar":	14126,
					"pmtu":	1500,
					"omitted":	false,
					"sender":	true
				}],
			"sum":	{
				"start":	0,
				"end":	1.001616,
				"seconds":	1.0016160011291504,
				"bytes":	1307544,
				"bits_per_second":	10443475.332071118,
				"retransmits":	6,
				"omitted":	false,
				"sender":	true
			}
		}, {
			"streams":	[{
					"socket":	5,
					"start":	1.001616,
					"end":	2.000234,
					"seconds":	0.99861800670623779,
					"bytes":	1042560,
					"bits_per_second":	8352022.43900005,
					"retransmits":	7,
					"snd_cwnd":	10136,
					"rtt":	102380,
					"rttvar":	828,
					"pmtu":	1500,
					"omitted":	false,
					"sender":	true
				}],
			"sum":	{
				"start":	1.001616,
				"end":	2.000234,
				"seconds":	0.99861800670623779,
				"bytes":	1042560,
				"bits_per_second":	8352022.43900005,
				"retransmits":	7,
				"omitted":	false,
				"sender":	true
			}
		}, {
			"streams":	[{
					"socket":	5,
					"start":	2.000234,
					"end":	3.001029,
					"seconds":	1.0007950067520142,
					"bytes":	0,
					"bits_per_second":	0,
					"retransmits":	2,
					"snd_cwnd":	11584,
					"rtt":	102416,
					"rttvar":	1338,
					"pmtu":	1500,
					"omitted":	false,
					"sender":	true
				}],
			"sum":	{
				"start":	2.000234,
				"end":	3.001029,
				"seconds":	1.0007950067520142,
				"bytes":	0,
				"bits_per_second":	0,
				"retransmits":	2,
				"omitted":	false,
				"sender":	true
			}
		}, {
			"streams":	[{
					"socket":	5,
					"start":	3.001029,
					"end":	4.001518,
					"seconds":	1.0004889965057373,
					"bytes":	0,
					"bits_per_second":	0,
					"retransmits":	0,
					"snd_cwnd":	24616,
					"rtt":	103906,
					"rttvar":	1401,
					"pmtu":	1500,
					"omitted":	false,
					"sender":	true
				}],
			"sum":	{
				"start":	3.001029,
				"end":	4.001518,
				"seconds":	1.0004889965057373,
				"bytes":	0,
				"bits_per_second":	0,
				"retransmits":	0,
				"omitted":	false,
				"sender":	true
			}
		}, {
			"streams":	[{
					"socket":	5,
					"start":	4.001518,
					"end":	5.001042,
					"seconds":	0.99952399730682373,
					"bytes":	0,
					"bits_per_second":	0,
					"retransmits":	2,
					"snd_cwnd":	21720,
					"rtt":	103203,
					"rttvar":	1391,
					"pmtu":	1500,
					"omitted":	false,
					"sender":	true
				}],
			"sum":	{
				"start":	4.001518,
				"end":	5.001042,
				"seconds":	0.99952399730682373,
				"bytes":	0,
				"bits_per_second":	0,
				"retransmits":	2,
				"omitted":	false,
				"sender":	true
			}
		}],
	"end":	{
		"streams":	[{
				"sender":	{
					"socket":	5,
					"start":	0,
					"end":	5.001042,
					"seconds":	5.001042,
					"bytes":	2350104,
					"bits_per_second":	3759382.9445943465,
					"retransmits":	17,
					"max_snd_cwnd":	117288,
					"max_rtt":	126879,
					"min_rtt":	102380,
					"mean_rtt":	107756,
					"sender":	true
				},
				"receiver":	{
					"socket":	5,
					"start":	0,
					"end":	5.105947,
					"seconds":	5.001042,
					"bytes":	1421936,
					"bits_per_second":	2227889.9487205804,
					"sender":	true
				}
			}],
		"sum_sent":	{
			"start":	0,
			"end":	5.001042,
			"seconds":	5.001042,
			"bytes":	2350104,
			"bits_per_second":	3759382.9445943465,
			"retransmits":	17,
			"sender":	true
		},
		"sum_received":	{
			"start":	0,
			"end":	5.105947,
			"seconds":	5.105947,
			"bytes":	1421936,
			"bits_per_second":	2227889.9487205804,
			"sender":	true
		},
		"cpu_utilization_percent":	{
			"host_total":	3.6546518422579028,
			"host_user":	0.26157021912457978,
			"host_system":	3.3930816231333227,
			"remote_total":	0.24889641678139335,
			"remote_user":	0,
			"remote_system":	0.24889641678139335
		},
		"sender_tcp_congestion":	"reno",
		"receiver_tcp_congestion":	"reno"
	}
}
