{
	"start":	{
		"connected":	[{
				"socket":	5,
				"local_host":	"10.0.0.1",
				"local_port":	50620,
				"remote_host":	"10.0.0.13",
				"remote_port":	5201
			}],
		"version":	"iperf 3.7",
		"system_info":	"Linux NetworkCommunicationLab 5.15.0-139-generic #149~20.04.1-Ubuntu SMP Wed Apr 16 08:29:56 UTC 2025 x86_64",
		"timestamp":	{
			"time":	"Wed, 19 Nov 2025 00:20:06 GMT",
			"timesecs":	1763511606
		},
		"connecting_to":	{
			"host":	"10.0.0.13",
			"port":	5201
		},
		"cookie":	"lxsddpjfjijh4qlurx35ctj4ud4t5tfbtb6s",
		"sock_bufsize":	0,
		"sndbuf_actual":	212992,
		"rcvbuf_actual":	212992,
		"test_start":	{
			"protocol":	"UDP",
			"num_streams":	1,
			"blksize":	1448,
			"omit":	0,
			"duration":	30,
			"bytes":	0,
			"blocks":	0,
			"reverse":	0,
			"tos":	0
		}
	},
	"intervals":	[{
			"streams":	[{
					"socket":	5,
					"start":	0,
					"end":	1.000046,
					"seconds":	1.0000460147857666,
					"bytes":	2496352,
					"bits_per_second":	19969897.089463647,
					"packets":	1724,
					"omitted":	false,
					"sender":	true
				}],
			"sum":	{
				"start":	0,
				"end":	1.000046,
				"seconds":	1.0000460147857666,
				"bytes":	2496352,
				"bits_per_second":	19969897.089463647,
				"packets":	1724,
				"omitted":	false,
				"sender":	true
			}
		}, {
			"streams":	[{
					"socket":	5,
					"start":	1.000046,
					"end":	2.000099,
					"seconds":	1.00005304813385,
					"bytes":	2503592,
					"bits_per_second":	20027673.569291789,
					"packets":	1729,
					"omitted":	false,
					"sender":	true
				}],
			"sum":	{
				"start":	1.000046,
				"end":	2.000099,
				"seconds":	1.00005304813385,
				"bytes":	2503592,
				"bits_per_second":	20027673.569291789,
				"packets":	1729,
				"omitted":	false,
				"sender":	true
			}
		}, {
			"streams":	[{
					"socket":	5,
					"start":	2.000099,
					"end":	3.000988,
					"seconds":	1.0008889436721802,
					"bytes":	2499248,
					"bits_per_second":	19976226.260072071,
					"packets":	1726,
					"omitted":	false,
					"sender":	true
				}],
			"sum":	{
				"start":	2.000099,
				"end":	3.000988,
				"seconds":	1.0008889436721802,
				"bytes":	2499248,
				"bits_per_second":	19976226.260072071,
				"packets":	1726,
				"omitted":	false,
				"sender":	true
			}
		}, {
			"streams":	[{
					"socket":	5,
					"start":	3.000988,
					"end":	4.000212,
					"seconds":	0.99922400712966919,
					"bytes":	2499248,
					"bits_per_second":	20009511.238059539,
					"packets":	1726,
					"omitted":	false,
					"sender":	true
				}],
			"sum":	{
				"start":	3.000988,
				"end":	4.000212,
				"seconds":	0.99922400712966919,
				"bytes":	2499248,
				"bits_per_second":	20009511.238059539,
				"packets":	1726,
				"omitted":	false,
				"sender":	true
			}
		}, {
			"streams":	[{
					"socket":	5,
					"start":	4.000212,
					"end":	5.000377,
					"seconds":	1.0001649856567383,
					"bytes":	2500696,
					"bits_per_second":	20002267.912692171,
					"packets":	1727,
					"omitted":	false,
					"sender":	true
				}],
			"sum":	{
				"start":	4.000212,
				"end":	5.000377,
				"seconds":	1.0001649856567383,
				"bytes":	2500696,
				"bits_per_second":	20002267.912692171,
				"packets":	1727,
				"omitted":	false,
				"sender":	true
			}
		}, {
			"streams":	[{
					"socket":	5,
					"start":	5.000377,
					"end":	6.000072,
					"seconds":	0.99969500303268433,
					"bytes":	2497800,
					"bits_per_second":	19988496.430792592,
					"packets":	1725,
					"omitted":	false,
					"sender":	true
				}],
			"sum":	{
				"start":	5.000377,
				"end":	6.000072,
				"seconds":	0.99969500303268433,
				"bytes":	2497800,
				"bits_per_second":	19988496.430792592,
				"packets":	1725,
				"omitted":	false,
				"sender":	true
			}
		}, {
			"streams":	[{
					"socket":	5,
					"start":	6.000072,
					"end":	7.000514,
					"seconds":	1.0004420280456543,
					"bytes":	2502144,
					"bits_per_second":	20008307.766820982,
					"packets":	1728,
					"omitted":	false,
					"sender":	true
				}],
			"sum":	{
				"start":	6.000072,
				"end":	7.000514,
				"seconds":	1.0004420280456543,
				"bytes":	2502144,
				"bits_per_second":	20008307.766820982,
				"packets":	1728,
				"omitted":	false,
				"sender":	true
			}
		}, {
			"streams":	[{
					"socket":	5,
					"start":	7.000514,
					"end":	8.000656,
					"seconds":	1.000141978263855,
					"bytes":	2500696,
					"bits_per_second":	20002728.047399469,
					"packets":	1727,
					"omitted":	false,
					"sender":	true
				}],
			"sum":	{
				"start":	7.000514,
				"end":	8.000656,
				"seconds":	1.000141978263855,
				"bytes":	2500696,
				"bits_per_second":	20002728.047399469,
				"packets":	1727,
				"omitted":	false,
				"sender":	true
			}
		}, {
			"streams":	[{
					"socket":	5,
					"start":	8.000656,
					"end":	9.000219,
					"seconds":	0.99956297874450684,
					"bytes":	2499248,
					"bits_per_second":	20002725.616262104,
					"packets":	1726,
					"omitted":	false,
					"sender":	true
				}],
			"sum":	{
				"start":	8.000656,
				"end":	9.000219,
				"seconds":	0.99956297874450684,
				"bytes":	2499248,
				"bits_per_second":	20002725.616262104,
				"packets":	1726,
				"omitted":	false,
				"sender":	true
			}
		}, {
			"streams":	[{
					"socket":	5,
					"start":	9.000219,
					"end":	10.000452,
					"seconds":	1.0002330541610718,
					"bytes":	2500696,
					"bits_per_second":	20000906.705467083,
					"packets":	1727,
					"omitted":	false,
					"sender":	true
				}],
			"sum":	{
				"start":	9.000219,
				"end":	10.000452,
				"seconds":	1.0002330541610718,
				"bytes":	2500696,
				"bits_per_second":	20000906.705467083,
				"packets":	1727,
				"omitted":	false,
				"sender":	true
			}
		}, {
			"streams":	[{
					"socket":	5,
					"start":	10.000452,
					"end":	11.000807,
					"seconds":	1.0003550052642822,
					"bytes":	2500696,
					"bits_per_second":	19998468.438426778,
					"packets":	1727,
					"omitted":	false,
					"sender":	true
				}],
			"sum":	{
				"start":	10.000452,
				"end":	11.000807,
				"seconds":	1.0003550052642822,
				"bytes":	2500696,
				"bits_per_second":	19998468.438426778,
				"packets":	1727,
				"omitted":	false,
				"sender":	true
			}
		}, {
			"streams":	[{
					"socket":	5,
					"start":	11.000807,
					"end":	12.000704,
					"seconds":	0.99989700317382812,
					"bytes":	2499248,
					"bits_per_second":	19996043.529019482,
					"packets":	1726,
					"omitted":	false,
					"sender":	true
				}],
			"sum":	{
				"start":	11.000807,
				"end":	12.000704,
				"seconds":	0.99989700317382812,
				"bytes":	2499248,
				"bits_per_second":	19996043.529019482,
				"packets":	1726,
				"omitted":	false,
				"sender":	true
			}
		}, {
			"streams":	[{
					"socket":	5,
					"start":	12.000704,
					"end":	13.001244,
					"seconds":	1.000540018081665,
					"bytes":	2499248,
					"bits_per_second":	19983192.714604717,
					"packets":	1726,
					"omitted":	false,
					"sender":	true
				}],
			"sum":	{
				"start":	12.000704,
				"end":	13.001244,
				"seconds":	1.000540018081665,
				"bytes":	2499248,
				"bits_per_second":	19983192.714604717,
				"packets":	1726,
				"omitted":	false,
				"sender":	true
			}
		}, {
			"streams":	[{
					"socket":	5,
					"start":	13.001244,
					"end":	14.000336,
					"seconds":	0.9990919828414917,
					"bytes":	2502144,
					"bits_per_second":	20035344.436524987,
					"packets":	1728,
					"omitted":	false,
					"sender":	true
				}],
			"sum":	{
				"start":	13.001244,
				"end":	14.000336,
				"seconds":	0.9990919828414917,
				"bytes":	2502144,
				"bits_per_second":	20035344.436524987,
				"packets":	1728,
				"omitted":	false,